[
  {
    "icon": "fa fa-home",
    "slug": "external",
    "title": "Volver al inicio",
    "path": "index.html"
  },  
  { 
    "id": 1,
    "icon": "fa fa-file-text-o",
    "slug": "introduccion",
    "title": "Introduccion",
    "breadcrumb": ["Inicio","Introduccion"],
    "path": "pages/introduccion.html"
  },
  { 
    "id": 2,
    "icon": "fa fa-file-text-o",
    "slug": "tema-1",
    "title": "1. Fundamentos de seguridad y salud en el trabajo",
    "breadcrumb": ["Inicio","tema 1"],
    "path": "pages/tema-1.html",
    "submenu": [
      {
        "icon": "fa fa-file-text-o",
        "slug": "tema-1",
        "title": "1.1 Definiciones",
        "anchor": "tema-11"
      },
      {
        "icon": "fa fa-file-text-o",
        "slug": "tema-1",
        "title": "1.2 Identificación de peligros como condiciones de seguridad y salud en el trabajo",
        "anchor": "tema-12"
      },
      {
        "icon": "fa fa-file-text-o",
        "slug": "tema-1",
        "title": "1.3 Definición de peligros",
        "anchor": "tema-13"
      },
      {
        "icon": "fa fa-file-text-o",
        "slug": "tema-1",
        "title": "1.4 Medidas de intervención de riesgos",
        "anchor": "tema-14"
      },
      {
        "icon": "fa fa-file-text-o",
        "slug": "tema-1",
        "title": "1.5 Programas y reglamentos en higiene y seguridad industrial",
        "anchor": "tema-15"
      },
      {
        "icon": "fa fa-file-text-o",
        "slug": "tema-1",
        "title": "1.6 Reglamentos de higiene, seguridad y salud en el trabajo",
        "anchor": "tema-16"
      },
      {
        "icon": "fa fa-file-text-o",
        "slug": "tema-1",
        "title": "1.7 Políticas de seguridad y salud en el trabajo",
        "anchor": "tema-17"
      }
    ]
  },
  { 
    "id": 3,
    "icon": "fa fa-file-text-o",
    "slug": "tema-2",
    "title": "2. Fundamentos de medio ambiente",
    "breadcrumb": ["Inicio","tema 2"],
    "path": "pages/tema-2.html",
    "submenu": [
      {
        "icon": "fa fa-file-text-o",
        "slug": "tema-2",
        "title": "2.1 Definiciones",
        "anchor": "tema-21"
      },
      {
        "icon": "fa fa-file-text-o",
        "slug": "tema-2",
        "title": "2.2 Servicios ecosistémicos",
        "anchor": "tema-22"
      },
      {
        "icon": "fa fa-file-text-o",
        "slug": "tema-2",
        "title": "2.3 Transformación de los ecosistemas y cambio ambiental global",
        "anchor": "tema-23"
      },
      {
        "icon": "fa fa-file-text-o",
        "slug": "tema-2",
        "title": "2.4. Impacto en los ecosistemas terrestres en Colombia",
        "anchor": "tema-24"
      }
    ]
  }
]